{
  "learning_rate": 0.000974761603977096,
  "gamma": 0.9975152287089849,
  "gae_lambda": 0.8814536346487787,
  "ent_coef": 0.02669465456862245,
  "clip_range": 0.12283496983310235,
  "n_steps": 256,
  "batch_size": 256
}