{
  "learning_rate": 0.00013769575909245403,
  "gamma": 0.9826218646994833,
  "n_steps": 288,
  "batch_size": 128,
  "ent_coef": 0.03338246682041829,
  "clip_range": 0.18338448193729676
}